<?xml version="1.0" encoding="UTF-8"?>
<project-private xmlns="http://www.netbeans.org/ns/project-private/1">
    <editor-bookmarks xmlns="http://www.netbeans.org/ns/editor-bookmarks/2" lastBookmarkId="0"/>
    <open-files xmlns="http://www.netbeans.org/ns/projectui-open-files/2">
        <group>
            <file>file:/D:/Produktif/Pemrograman%20Berorientasi%20Obyek/Project/Apple/src/view/form_login.java</file>
            <file>file:/D:/Produktif/Pemrograman%20Berorientasi%20Obyek/Project/Apple/src/view/struk_bayar.java</file>
            <file>file:/D:/Produktif/Pemrograman%20Berorientasi%20Obyek/Project/Apple/src/view/input_barang.java</file>
            <file>file:/D:/Produktif/Pemrograman%20Berorientasi%20Obyek/Project/Apple/src/view/transaksi.java</file>
            <file>file:/D:/Produktif/Pemrograman%20Berorientasi%20Obyek/Project/Apple/src/view/input_pelanggan.java</file>
        </group>
    </open-files>
</project-private>
